year,month,temperature_anomaly,uncertainty,date
1900,1,-0.4383861979900172,0.1,1900-01-01
1900,2,-0.08769521233741952,0.1,1900-02-01
1900,3,-0.22253734225231098,0.1,1900-03-01
1900,4,0.2477790309003119,0.1,1900-04-01
1900,5,-0.11596769771396771,0.1,1900-05-01
1900,6,0.3794599286470815,0.1,1900-06-01
1900,7,-0.10172428440649357,0.1,1900-07-01
1900,8,0.14574545729136026,0.1,1900-08-01
1900,9,-0.10673721324411845,0.1,1900-09-01
1900,10,-0.11168977359453135,0.1,1900-10-01
1900,11,-0.3640788325964377,0.1,1900-11-01
1900,12,0.1094632695833126,0.1,1900-12-01
1901,1,-0.017902294773842375,0.1,1901-01-01
1901,2,-0.12459864413190232,0.1,1901-02-01
1901,3,0.18227036202284824,0.1,1901-03-01
1901,4,0.09868679599798566,0.1,1901-04-01
1901,5,-0.026467759474819226,0.1,1901-05-01
1901,6,-0.12741165331822454,0.1,1901-06-01
1901,7,-0.08080267957309223,0.1,1901-07-01
1901,8,-0.06368216567352597,0.1,1901-08-01
1901,9,-0.08190803146196207,0.1,1901-09-01
1901,10,0.02198838916367849,0.1,1901-10-01
1901,11,-0.2370628930024787,0.1,1901-11-01
1901,12,-0.0020318978248247965,0.1,1901-12-01
1902,1,-0.06314760731851336,0.1,1902-01-01
1902,2,-0.17484611522975047,0.1,1902-02-01
1902,3,0.2262737821718387,0.1,1902-03-01
1902,4,-0.12412841725995401,0.1,1902-04-01
1902,5,-0.00011301695249672131,0.1,1902-05-01
1902,6,-0.17718952754102035,0.1,1902-06-01
1902,7,-0.04077461384848446,0.1,1902-07-01
1902,8,0.06545593442240392,0.1,1902-08-01
1902,9,0.22306147898540699,0.1,1902-09-01
1902,10,-0.04683145198457374,0.1,1902-10-01
1902,11,0.1968994009879362,0.1,1902-11-01
1902,12,0.11120240186699488,0.1,1902-12-01
1903,1,-0.07363349613371199,0.1,1903-01-01
1903,2,-0.27219038937988443,0.1,1903-02-01
1903,3,0.026196235270022378,0.1,1903-03-01
1903,4,-0.21136877749570848,0.1,1903-04-01
1903,5,-0.23212916902353486,0.1,1903-05-01
1903,6,-0.31221286639383794,0.1,1903-06-01
1903,7,0.06484277679589061,0.1,1903-07-01
1903,8,0.7969561018375518,0.1,1903-08-01
1903,9,-0.005118342786093258,0.1,1903-09-01
1903,10,0.28552332310063266,0.1,1903-10-01
1903,11,-0.06659100807670297,0.1,1903-11-01
1903,12,0.29256394070146924,0.1,1903-12-01
1904,1,0.18038582625041288,0.1,1904-01-01
1904,2,-0.23095706116171494,0.1,1904-02-01
1904,3,-0.14697808378939387,0.1,1904-03-01
1904,4,-0.03274975914445837,0.1,1904-04-01
1904,5,-0.015840853738151955,0.1,1904-05-01
1904,6,-0.1369230153602543,0.1,1904-06-01
1904,7,0.25638104564677167,0.1,1904-07-01
1904,8,-0.058439471930729986,0.1,1904-08-01
1904,9,0.4043534604920589,0.1,1904-09-01
1904,10,0.08910036491893325,0.1,1904-10-01
1904,11,-0.09242966732194163,0.1,1904-11-01
1904,12,-0.070975631123601,0.1,1904-12-01
1905,1,0.1505702237997002,0.1,1905-01-01
1905,2,-0.3468726292340119,0.1,1905-02-01
1905,3,-0.10275487801064397,0.1,1905-03-01
1905,4,-0.07381596026994634,0.1,1905-04-01
1905,5,-0.42568195425702415,0.1,1905-05-01
1905,6,0.13700801654594638,0.1,1905-06-01
1905,7,0.15684167059596554,0.1,1905-07-01
1905,8,0.31134736870771984,0.1,1905-08-01
1905,9,0.10063851659187242,0.1,1905-09-01
1905,10,0.027990647087646217,0.1,1905-10-01
1905,11,0.027034441946350258,0.1,1905-11-01
1905,12,-0.3396730862068564,0.1,1905-12-01
1906,1,0.1430473598488856,0.1,1906-01-01
1906,2,-0.17155640708431466,0.1,1906-02-01
1906,3,0.17235991512645785,0.1,1906-03-01
1906,4,0.1139828779994228,0.1,1906-04-01
1906,5,-0.26883350084502433,0.1,1906-05-01
1906,6,-0.25955198250319206,0.1,1906-06-01
1906,7,-0.2519054692923552,0.1,1906-07-01
1906,8,0.03432791336493131,0.1,1906-08-01
1906,9,0.2949840163311694,0.1,1906-09-01
1906,10,0.14763960842262216,0.1,1906-10-01
1906,11,0.07256458090928444,0.1,1906-11-01
1906,12,0.29580194270307486,0.1,1906-12-01
1907,1,-0.17626119898229795,0.1,1907-01-01
1907,2,-0.06778819885280714,0.1,1907-02-01
1907,3,0.13818082960679143,0.1,1907-03-01
1907,4,-0.03719123432745637,0.1,1907-04-01
1907,5,-0.21791369623124465,0.1,1907-05-01
1907,6,-0.19107334969110135,0.1,1907-06-01
1907,7,-0.22730547197393314,0.1,1907-07-01
1907,8,-0.020042879707623824,0.1,1907-08-01
1907,9,0.046085881131011745,0.1,1907-09-01
1907,10,-0.1331595519742524,0.1,1907-10-01
1907,11,-0.12292561789834931,0.1,1907-11-01
1907,12,-0.10759962569846925,0.1,1907-12-01
1908,1,-0.004691976505637907,0.1,1908-01-01
1908,2,-0.042884679221478574,0.1,1908-02-01
1908,3,0.0012466681438579475,0.1,1908-03-01
1908,4,-0.01010966649026639,0.1,1908-04-01
1908,5,-0.06944369151326063,0.1,1908-05-01
1908,6,0.1071258434674695,0.1,1908-06-01
1908,7,-0.23361847270516792,0.1,1908-07-01
1908,8,-0.08822450864260895,0.1,1908-08-01
1908,9,0.03960505906112565,0.1,1908-09-01
1908,10,-0.2995971177249142,0.1,1908-10-01
1908,11,0.18041462492634575,0.1,1908-11-01
1908,12,0.2254529164685323,0.1,1908-12-01
1909,1,0.45616326906267074,0.1,1909-01-01
1909,2,0.027596494889883885,0.1,1909-02-01
1909,3,-0.10502643684029433,0.1,1909-03-01
1909,4,0.15610837063335048,0.1,1909-04-01
1909,5,0.16287982325845501,0.1,1909-05-01
1909,6,0.02308674171663734,0.1,1909-06-01
1909,7,-0.2468406539488345,0.1,1909-07-01
1909,8,0.1369853760995786,0.1,1909-08-01
1909,9,0.30663862661494784,0.1,1909-09-01
1909,10,0.13054740746472943,0.1,1909-10-01
1909,11,-0.16245790465117219,0.1,1909-11-01
1909,12,0.07373234383163876,0.1,1909-12-01
1910,1,0.33714944343125053,0.1,1910-01-01
1910,2,0.11285291390237442,0.1,1910-02-01
1910,3,0.3842530016745059,0.1,1910-03-01
1910,4,-0.4490066880699744,0.1,1910-04-01
1910,5,0.2065865547447696,0.1,1910-05-01
1910,6,0.10699842766934811,0.1,1910-06-01
1910,7,-0.13489804451203272,0.1,1910-07-01
1910,8,0.048910370136113754,0.1,1910-08-01
1910,9,-0.3579124052644845,0.1,1910-09-01
1910,10,0.21767340871742183,0.1,1910-10-01
1910,11,0.12771076659764585,0.1,1910-11-01
1910,12,-0.04868178317838226,0.1,1910-12-01
1911,1,0.10909227277203465,0.1,1911-01-01
1911,2,-0.07759267903847915,0.1,1911-02-01
1911,3,0.02770515676021238,0.1,1911-03-01
1911,4,0.15577581187532255,0.1,1911-04-01
1911,5,0.5272937471447612,0.1,1911-05-01
1911,6,0.06382683544456065,0.1,1911-06-01
1911,7,0.06903257512515637,0.1,1911-07-01
1911,8,0.15396913136887674,0.1,1911-08-01
1911,9,0.20499231174287044,0.1,1911-09-01
1911,10,0.23689588121533972,0.1,1911-10-01
1911,11,-0.18839157748397525,0.1,1911-11-01
1911,12,-0.06642489870311716,0.1,1911-12-01
1912,1,0.20574241649261216,0.1,1912-01-01
1912,2,-0.14878049125870504,0.1,1912-02-01
1912,3,0.04864403938921279,0.1,1912-03-01
1912,4,-0.013591276690692145,0.1,1912-04-01
1912,5,-0.17848935631198018,0.1,1912-05-01
1912,6,-0.118314646040524,0.1,1912-06-01
1912,7,-0.04113046064992435,0.1,1912-07-01
1912,8,0.5688532171084432,0.1,1912-08-01
1912,9,-0.3215073771231416,0.1,1912-09-01
1912,10,-0.056435202652141386,0.1,1912-10-01
1912,11,-0.2510153473436227,0.1,1912-11-01
1912,12,-0.22033432972786227,0.1,1912-12-01
1913,1,-0.3207649644498101,0.1,1913-01-01
1913,2,0.08372512392518447,0.1,1913-02-01
1913,3,-0.16085026074983622,0.1,1913-03-01
1913,4,-0.1039573381301387,0.1,1913-04-01
1913,5,0.048033979324008366,0.1,1913-05-01
1913,6,-0.2667789131350869,0.1,1913-06-01
1913,7,0.27083785203665406,0.1,1913-07-01
1913,8,-0.3034566731393521,0.1,1913-08-01
1913,9,-0.18536346295678152,0.1,1913-09-01
1913,10,0.1294729271528121,0.1,1913-10-01
1913,11,0.5680981005716127,0.1,1913-11-01
1913,12,0.283192541908581,0.1,1913-12-01
1914,1,0.19082322933262943,0.1,1914-01-01
1914,2,0.04490919693083118,0.1,1914-02-01
1914,3,-0.04124619460892221,0.1,1914-03-01
1914,4,-0.05637607262376552,0.1,1914-04-01
1914,5,0.02196390893792193,0.1,1914-05-01
1914,6,-0.02110193002047479,0.1,1914-06-01
1914,7,0.05009385729994779,0.1,1914-07-01
1914,8,0.11654490393189113,0.1,1914-08-01
1914,9,-0.3386680542421837,0.1,1914-09-01
1914,10,0.047776348943968205,0.1,1914-10-01
1914,11,0.08965108858025123,0.1,1914-11-01
1914,12,-0.1168692149469975,0.1,1914-12-01
1915,1,-0.14863319895059232,0.1,1915-01-01
1915,2,0.10234207738333326,0.1,1915-02-01
1915,3,0.23775236331895094,0.1,1915-03-01
1915,4,0.05682407108228833,0.1,1915-04-01
1915,5,-0.10989864924139477,0.1,1915-05-01
1915,6,-0.23010274122804947,0.1,1915-06-01
1915,7,0.13684042114861933,0.1,1915-07-01
1915,8,0.0797220567516779,0.1,1915-08-01
1915,9,0.10246411021345825,0.1,1915-09-01
1915,10,-0.12587742159704476,0.1,1915-10-01
1915,11,-0.20179573453341396,0.1,1915-11-01
1915,12,-0.00022650300623341517,0.1,1915-12-01
1916,1,0.12335386618461174,0.1,1916-01-01
1916,2,0.18989971975490258,0.1,1916-02-01
1916,3,-0.06382892193816385,0.1,1916-03-01
1916,4,0.08042985813246874,0.1,1916-04-01
1916,5,0.2533867814718892,0.1,1916-05-01
1916,6,-0.19314758827671677,0.1,1916-06-01
1916,7,-0.09109267124170947,0.1,1916-07-01
1916,8,0.3981727397912094,0.1,1916-08-01
1916,9,0.3108257356736768,0.1,1916-09-01
1916,10,0.3114256828331494,0.1,1916-10-01
1916,11,0.0690290288586241,0.1,1916-11-01
1916,12,0.07869799257117685,0.1,1916-12-01
1917,1,0.22675762756558707,0.1,1917-01-01
1917,2,0.41453966456133884,0.1,1917-02-01
1917,3,0.1409235692227982,0.1,1917-03-01
1917,4,-0.3212676700935274,0.1,1917-04-01
1917,5,0.12363360923387506,0.1,1917-05-01
1917,6,0.10914539402058734,0.1,1917-06-01
1917,7,-0.25608350861179086,0.1,1917-07-01
1917,8,-0.1075468563690595,0.1,1917-08-01
1917,9,0.2590142556363943,0.1,1917-09-01
1917,10,-0.3336414250076533,0.1,1917-10-01
1917,11,0.1774880132154769,0.1,1917-11-01
1917,12,-0.3668525417801556,0.1,1917-12-01
1918,1,-0.02436661240617918,0.1,1918-01-01
1918,2,-0.053833894023728436,0.1,1918-02-01
1918,3,-0.24563108890411287,0.1,1918-03-01
1918,4,-0.05654163780032334,0.1,1918-04-01
1918,5,-0.36712618090380705,0.1,1918-05-01
1918,6,0.16815643825279547,0.1,1918-06-01
1918,7,0.06210097798282536,0.1,1918-07-01
1918,8,0.3277670698866039,0.1,1918-08-01
1918,9,-0.0036811531580159132,0.1,1918-09-01
1918,10,0.06663647737256277,0.1,1918-10-01
1918,11,0.1701485258199119,0.1,1918-11-01
1918,12,-0.2361640360444961,0.1,1918-12-01
1919,1,-0.06577825861198691,0.1,1919-01-01
1919,2,-0.03152327693358522,0.1,1919-02-01
1919,3,0.06438569717163405,0.1,1919-03-01
1919,4,-0.0813822414703192,0.1,1919-04-01
1919,5,0.2653508996584549,0.1,1919-05-01
1919,6,0.18728387439982638,0.1,1919-06-01
1919,7,-0.13563260612875822,0.1,1919-07-01
1919,8,-0.264069505564486,0.1,1919-08-01
1919,9,0.24010940679831855,0.1,1919-09-01
1919,10,0.006249397030158055,0.1,1919-10-01
1919,11,0.13704017479058317,0.1,1919-11-01
1919,12,-0.28602540139388427,0.1,1919-12-01
1920,1,-0.25083654763433844,0.1,1920-01-01
1920,2,0.4373469120554244,0.1,1920-02-01
1920,3,-0.2646145771594986,0.1,1920-03-01
1920,4,0.10990838779528928,0.1,1920-04-01
1920,5,0.09336056509005397,0.1,1920-05-01
1920,6,-0.2359480589187244,0.1,1920-06-01
1920,7,0.1321730010520021,0.1,1920-07-01
1920,8,0.2252337849265849,0.1,1920-08-01
1920,9,-0.08921695618727105,0.1,1920-09-01
1920,10,0.3716175784763705,0.1,1920-10-01
1920,11,-0.1142390247767289,0.1,1920-11-01
1920,12,-0.2605538684790009,0.1,1920-12-01
1921,1,0.09040222619398626,0.1,1921-01-01
1921,2,0.2964272919001561,0.1,1921-02-01
1921,3,0.310456482025823,0.1,1921-03-01
1921,4,0.02317074142114457,0.1,1921-04-01
1921,5,-0.06357962964183166,0.1,1921-05-01
1921,6,-0.06482466168524897,0.1,1921-06-01
1921,7,0.486734798059046,0.1,1921-07-01
1921,8,0.05117547284206358,0.1,1921-08-01
1921,9,0.3857848816555148,0.1,1921-09-01
1921,10,-0.11920965544776296,0.1,1921-10-01
1921,11,-0.0957709388628792,0.1,1921-11-01
1921,12,0.10245449247909236,0.1,1921-12-01
1922,1,-0.04886425240898236,0.1,1922-01-01
1922,2,-0.13431864629943793,0.1,1922-02-01
1922,3,0.035803365807958135,0.1,1922-03-01
1922,4,-0.31967262627318804,0.1,1922-04-01
1922,5,0.09255352029129038,0.1,1922-05-01
1922,6,-0.15079076692974389,0.1,1922-06-01
1922,7,-0.05536134865839734,0.1,1922-07-01
1922,8,0.1912110378128532,0.1,1922-08-01
1922,9,0.061203258421018064,0.1,1922-09-01
1922,10,0.2787920550629874,0.1,1922-10-01
1922,11,-0.1972287025618951,0.1,1922-11-01
1922,12,-0.09762678471897593,0.1,1922-12-01
1923,1,-0.22835004276539214,0.1,1923-01-01
1923,2,0.022971993383399142,0.1,1923-02-01
1923,3,0.2644177654842133,0.1,1923-03-01
1923,4,0.1749597366380929,0.1,1923-04-01
1923,5,0.27324935310425297,0.1,1923-05-01
1923,6,0.022367741291861004,0.1,1923-06-01
1923,7,-0.011298924864062192,0.1,1923-07-01
1923,8,-0.21854957423213697,0.1,1923-08-01
1923,9,-0.177574597840771,0.1,1923-09-01
1923,10,-0.05767890962802555,0.1,1923-10-01
1923,11,-0.29659270455721193,0.1,1923-11-01
1923,12,0.1894470520175181,0.1,1923-12-01
1924,1,-0.11150433906568397,0.1,1924-01-01
1924,2,-0.13754134583145408,0.1,1924-02-01
1924,3,0.11493490069334089,0.1,1924-03-01
1924,4,-0.010936188624653113,0.1,1924-04-01
1924,5,-0.5929410682842952,0.1,1924-05-01
1924,6,-0.38098502872972206,0.1,1924-06-01
1924,7,0.042782635575592066,0.1,1924-07-01
1924,8,0.18052343393092748,0.1,1924-08-01
1924,9,0.18814259215773266,0.1,1924-09-01
1924,10,-0.3886311628486563,0.1,1924-10-01
1924,11,0.02147375039797379,0.1,1924-11-01
1924,12,0.003852532992017551,0.1,1924-12-01
1925,1,0.4395266522075466,0.1,1925-01-01
1925,2,-0.04839689421028614,0.1,1925-02-01
1925,3,0.46074151610281855,0.1,1925-03-01
1925,4,0.04550434884622481,0.1,1925-04-01
1925,5,0.03644819735070061,0.1,1925-05-01
1925,6,-0.32148088729136876,0.1,1925-06-01
1925,7,0.20826353854604102,0.1,1925-07-01
1925,8,-0.46980606446682044,0.1,1925-08-01
1925,9,0.06779015134024713,0.1,1925-09-01
1925,10,0.2526607439376001,0.1,1925-10-01
1925,11,-0.12051775244112346,0.1,1925-11-01
1925,12,-0.1492085236707708,0.1,1925-12-01
1926,1,-0.20906529253537426,0.1,1926-01-01
1926,2,-0.132630936827538,0.1,1926-02-01
1926,3,0.17621528233681488,0.1,1926-03-01
1926,4,-0.25293985967136345,0.1,1926-04-01
1926,5,-0.1255391187862208,0.1,1926-05-01
1926,6,0.009214885290578421,0.1,1926-06-01
1926,7,-0.15247612361825716,0.1,1926-07-01
1926,8,0.03791621807813982,0.1,1926-08-01
1926,9,-0.02039945456223488,0.1,1926-09-01
1926,10,-0.05501277834563748,0.1,1926-10-01
1926,11,-0.01327650071107838,0.1,1926-11-01
1926,12,0.26537216259450036,0.1,1926-12-01
1927,1,-0.05735288415785116,0.1,1927-01-01
1927,2,-0.129947818561215,0.1,1927-02-01
1927,3,-0.27747859719787565,0.1,1927-03-01
1927,4,-0.12855742785312868,0.1,1927-04-01
1927,5,0.1499889423171867,0.1,1927-05-01
1927,6,0.18027269197006862,0.1,1927-06-01
1927,7,-0.08016754931261222,0.1,1927-07-01
1927,8,-0.1251751663223916,0.1,1927-08-01
1927,9,-0.013463702572044165,0.1,1927-09-01
1927,10,0.11375025269732142,0.1,1927-10-01
1927,11,-0.04822218108879586,0.1,1927-11-01
1927,12,-0.35717496966599216,0.1,1927-12-01
1928,1,-0.1343933415271421,0.1,1928-01-01
1928,2,0.05529652214543254,0.1,1928-02-01
1928,3,-0.3713556480697233,0.1,1928-03-01
1928,4,-0.25101823409994967,0.1,1928-04-01
1928,5,-0.17991056293737373,0.1,1928-05-01
1928,6,0.2337199518098122,0.1,1928-06-01
1928,7,0.08462738061175595,0.1,1928-07-01
1928,8,-0.11018636419273209,0.1,1928-08-01
1928,9,0.12648020912612884,0.1,1928-09-01
1928,10,-0.09138422724350476,0.1,1928-10-01
1928,11,-0.22683315584348884,0.1,1928-11-01
1928,12,-0.37563328007671226,0.1,1928-12-01
1929,1,0.2318055407740438,0.1,1929-01-01
1929,2,0.005443322503331063,0.1,1929-02-01
1929,3,0.0518095544543809,0.1,1929-03-01
1929,4,0.16398966126839776,0.1,1929-04-01
1929,5,-0.10057921645362398,0.1,1929-05-01
1929,6,0.29838980911871005,0.1,1929-06-01
1929,7,-0.13418010233131789,0.1,1929-07-01
1929,8,0.28433611772444134,0.1,1929-08-01
1929,9,0.04602847054959364,0.1,1929-09-01
1929,10,0.26773978202793874,0.1,1929-10-01
1929,11,0.07196593072605298,0.1,1929-11-01
1929,12,0.09441889266327402,0.1,1929-12-01
1930,1,-0.0343614320458748,0.1,1930-01-01
1930,2,-0.07940090591028587,0.1,1930-02-01
1930,3,-0.10839497336195403,0.1,1930-03-01
1930,4,0.01363607565057027,0.1,1930-04-01
1930,5,-0.23619277310173797,0.1,1930-05-01
1930,6,-0.253628680194607,0.1,1930-06-01
1930,7,0.05668367653065723,0.1,1930-07-01
1930,8,0.05083925987030535,0.1,1930-08-01
1930,9,-0.0861884772041154,0.1,1930-09-01
1930,10,-0.04859154152859968,0.1,1930-10-01
1930,11,0.19243589849003698,0.1,1930-11-01
1930,12,0.04213612197183913,0.1,1930-12-01
1931,1,0.10351468652353749,0.1,1931-01-01
1931,2,-0.08175148665880307,0.1,1931-02-01
1931,3,-0.45577676510042053,0.1,1931-03-01
1931,4,-0.03981852592277463,0.1,1931-04-01
1931,5,-0.44921248731473623,0.1,1931-05-01
1931,6,-0.10421400854453514,0.1,1931-06-01
1931,7,0.011685141317322139,0.1,1931-07-01
1931,8,0.02563922721561487,0.1,1931-08-01
1931,9,-0.10364713997980508,0.1,1931-09-01
1931,10,0.2580171080114473,0.1,1931-10-01
1931,11,-0.2733781333004185,0.1,1931-11-01
1931,12,0.3475488724318654,0.1,1931-12-01
1932,1,0.05689208739994192,0.1,1932-01-01
1932,2,-0.13215745826018147,0.1,1932-02-01
1932,3,-0.7039777505547757,0.1,1932-03-01
1932,4,-0.026563697062755794,0.1,1932-04-01
1932,5,0.0965382246533044,0.1,1932-05-01
1932,6,0.273913301336738,0.1,1932-06-01
1932,7,0.22079030915901035,0.1,1932-07-01
1932,8,0.13230984902049245,0.1,1932-08-01
1932,9,0.5499924011258761,0.1,1932-09-01
1932,10,-0.14798203684148467,0.1,1932-10-01
1932,11,-0.1686146229468326,0.1,1932-11-01
1932,12,0.2362471101272922,0.1,1932-12-01
1933,1,-0.30394722523589746,0.1,1933-01-01
1933,2,0.21536539325788048,0.1,1933-02-01
1933,3,-0.13984925080831864,0.1,1933-03-01
1933,4,-0.5327751285780565,0.1,1933-04-01
1933,5,-0.0258006668702509,0.1,1933-05-01
1933,6,-0.2395113204423383,0.1,1933-06-01
1933,7,0.27527243876391755,0.1,1933-07-01
1933,8,-0.20408362537325933,0.1,1933-08-01
1933,9,-0.0026717509598595916,0.1,1933-09-01
1933,10,0.0014422817937649747,0.1,1933-10-01
1933,11,0.19970853780825412,0.1,1933-11-01
1933,12,0.10865916617902285,0.1,1933-12-01
1934,1,-0.0832503773152154,0.1,1934-01-01
1934,2,0.37032584157808746,0.1,1934-02-01
1934,3,-0.3645821375771768,0.1,1934-03-01
1934,4,0.08783567746867951,0.1,1934-04-01
1934,5,0.09303631397063736,0.1,1934-05-01
1934,6,0.2664398173972635,0.1,1934-06-01
1934,7,0.0013467469447945187,0.1,1934-07-01
1934,8,0.22900565871889889,0.1,1934-08-01
1934,9,-0.11073844604152377,0.1,1934-09-01
1934,10,-0.28053544743229225,0.1,1934-10-01
1934,11,-0.1497858795836291,0.1,1934-11-01
1934,12,0.04259117018201219,0.1,1934-12-01
1935,1,-0.06555880663703971,0.1,1935-01-01
1935,2,-0.35534430650701565,0.1,1935-02-01
1935,3,0.00675666736383815,0.1,1935-03-01
1935,4,-0.2856014893876081,0.1,1935-04-01
1935,5,-0.11525735732781628,0.1,1935-05-01
1935,6,-0.13940820349163957,0.1,1935-06-01
1935,7,0.19656322876121668,0.1,1935-07-01
1935,8,0.053848571875478646,0.1,1935-08-01
1935,9,0.02204026350454188,0.1,1935-09-01
1935,10,0.14513682307301518,0.1,1935-10-01
1935,11,0.21574362457585675,0.1,1935-11-01
1935,12,0.39313529536391484,0.1,1935-12-01
1936,1,0.1299528452172919,0.1,1936-01-01
1936,2,-0.14702080822632366,0.1,1936-02-01
1936,3,-0.08082114728318146,0.1,1936-03-01
1936,4,0.22996362158006933,0.1,1936-04-01
1936,5,0.4107971647906906,0.1,1936-05-01
1936,6,0.2444149023366609,0.1,1936-06-01
1936,7,0.22743369600383379,0.1,1936-07-01
1936,8,0.2942127433441239,0.1,1936-08-01
1936,9,0.2775894444701138,0.1,1936-09-01
1936,10,0.19243978880381957,0.1,1936-10-01
1936,11,0.03710702180354591,0.1,1936-11-01
1936,12,0.07805477938874923,0.1,1936-12-01
1937,1,0.03223404654125422,0.1,1937-01-01
1937,2,0.14960234917933454,0.1,1937-02-01
1937,3,-0.22932066801788806,0.1,1937-03-01
1937,4,-0.446526189830448,0.1,1937-04-01
1937,5,0.018116043832482193,0.1,1937-05-01
1937,6,0.26661655670781204,0.1,1937-06-01
1937,7,-0.20016843332827056,0.1,1937-07-01
1937,8,0.109601643732199,0.1,1937-08-01
1937,9,-0.11966404547560305,0.1,1937-09-01
1937,10,-0.22187860060236198,0.1,1937-10-01
1937,11,-0.237458117997286,0.1,1937-11-01
1937,12,0.005952824039358364,0.1,1937-12-01
1938,1,-0.14577069673863355,0.1,1938-01-01
1938,2,-0.04998330279126533,0.1,1938-02-01
1938,3,-0.5024882743323319,0.1,1938-03-01
1938,4,0.21333649782861164,0.1,1938-04-01
1938,5,0.2910155519361756,0.1,1938-05-01
1938,6,0.24527184383883216,0.1,1938-06-01
1938,7,-0.032462377388524484,0.1,1938-07-01
1938,8,0.2550108361947283,0.1,1938-08-01
1938,9,-0.04054670366220972,0.1,1938-09-01
1938,10,-0.06534068323975256,0.1,1938-10-01
1938,11,-0.044132211780898864,0.1,1938-11-01
1938,12,-0.257095213012763,0.1,1938-12-01
1939,1,0.11436750138028591,0.1,1939-01-01
1939,2,0.1754075520693597,0.1,1939-02-01
1939,3,-0.0953015252294327,0.1,1939-03-01
1939,4,-0.08944320439718995,0.1,1939-04-01
1939,5,0.06262636609960352,0.1,1939-05-01
1939,6,0.015537240606226571,0.1,1939-06-01
1939,7,0.04242802553050089,0.1,1939-07-01
1939,8,0.3426330271427609,0.1,1939-08-01
1939,9,0.20386609712592213,0.1,1939-09-01
1939,10,-0.0379009385311664,0.1,1939-10-01
1939,11,0.1861965817597656,0.1,1939-11-01
1939,12,-0.32112979679477094,0.1,1939-12-01
1940,1,-0.39069083140367716,0.1,1940-01-01
1940,2,0.41502116796984256,0.1,1940-02-01
1940,3,-0.1509314418643999,0.1,1940-03-01
1940,4,0.21389343956498547,0.1,1940-04-01
1940,5,0.1377616156684328,0.1,1940-05-01
1940,6,0.20778020311264314,0.1,1940-06-01
1940,7,0.19849409327042578,0.1,1940-07-01
1940,8,-0.24805244666667417,0.1,1940-08-01
1940,9,-0.44397132728049027,0.1,1940-09-01
1940,10,0.011923939369444463,0.1,1940-10-01
1940,11,-0.04081442383644012,0.1,1940-11-01
1940,12,0.03742283897149227,0.1,1940-12-01
1941,1,0.0501565366188923,0.1,1941-01-01
1941,2,-0.3340535544264256,0.1,1941-02-01
1941,3,0.1232945536106467,0.1,1941-03-01
1941,4,-0.0925819344588136,0.1,1941-04-01
1941,5,-0.38805448508120616,0.1,1941-05-01
1941,6,-0.16508658112000307,0.1,1941-06-01
1941,7,0.08558685055159948,0.1,1941-07-01
1941,8,-0.04665594835705478,0.1,1941-08-01
1941,9,0.08446563268242661,0.1,1941-09-01
1941,10,-0.0822423943865918,0.1,1941-10-01
1941,11,0.2607519385794758,0.1,1941-11-01
1941,12,-0.1930906452090894,0.1,1941-12-01
1942,1,-0.02060436959608478,0.1,1942-01-01
1942,2,-0.08519672521883154,0.1,1942-02-01
1942,3,-0.09131151047276323,0.1,1942-03-01
1942,4,0.1357403327520786,0.1,1942-04-01
1942,5,0.23703580247211545,0.1,1942-05-01
1942,6,0.28488964675775075,0.1,1942-06-01
1942,7,-0.06929575333737405,0.1,1942-07-01
1942,8,0.16632873249267024,0.1,1942-08-01
1942,9,0.0019177804483736485,0.1,1942-09-01
1942,10,0.5061501984079996,0.1,1942-10-01
1942,11,-0.0017699108917833845,0.1,1942-11-01
1942,12,-0.29588129046889206,0.1,1942-12-01
1943,1,-0.14451527889683174,0.1,1943-01-01
1943,2,-0.15929505314562423,0.1,1943-02-01
1943,3,0.3075862737059024,0.1,1943-03-01
1943,4,-0.19787165211371782,0.1,1943-04-01
1943,5,0.17219682681192372,0.1,1943-05-01
1943,6,-0.2746843525506405,0.1,1943-06-01
1943,7,-0.00011766483925101907,0.1,1943-07-01
1943,8,0.23646891355663258,0.1,1943-08-01
1943,9,0.2127384023077708,0.1,1943-09-01
1943,10,-0.07693515506454118,0.1,1943-10-01
1943,11,-0.14403880115073164,0.1,1943-11-01
1943,12,-0.07391897746963809,0.1,1943-12-01
1944,1,0.28545667616529646,0.1,1944-01-01
1944,2,-0.01794157320349161,0.1,1944-02-01
1944,3,-0.1430788283652433,0.1,1944-03-01
1944,4,0.1847385857674429,0.1,1944-04-01
1944,5,0.028492180336331753,0.1,1944-05-01
1944,6,-0.03641753605993275,0.1,1944-06-01
1944,7,-0.047439390836883005,0.1,1944-07-01
1944,8,-0.06078637643478488,0.1,1944-08-01
1944,9,0.05210810519056402,0.1,1944-09-01
1944,10,0.13570609694384264,0.1,1944-10-01
1944,11,0.18001182275024893,0.1,1944-11-01
1944,12,-0.02077865847215292,0.1,1944-12-01
1945,1,0.060141692325263896,0.1,1945-01-01
1945,2,-0.2795644443020077,0.1,1945-02-01
1945,3,0.07662354383171029,0.1,1945-03-01
1945,4,0.13825846651083074,0.1,1945-04-01
1945,5,-0.04499623143634474,0.1,1945-05-01
1945,6,0.2471319374244133,0.1,1945-06-01
1945,7,0.0836119791646843,0.1,1945-07-01
1945,8,0.23698860548064055,0.1,1945-08-01
1945,9,-0.03874319756383929,0.1,1945-09-01
1945,10,0.0520904965131456,0.1,1945-10-01
1945,11,0.33671252823270736,0.1,1945-11-01
1945,12,-0.25004762852914436,0.1,1945-12-01
1946,1,-0.16904255420144595,0.1,1946-01-01
1946,2,0.19050850167616082,0.1,1946-02-01
1946,3,0.24844831753396224,0.1,1946-03-01
1946,4,0.30353233968816096,0.1,1946-04-01
1946,5,-0.06469039877050024,0.1,1946-05-01
1946,6,0.2326837574990883,0.1,1946-06-01
1946,7,0.05259562163416805,0.1,1946-07-01
1946,8,-0.2215894285878504,0.1,1946-08-01
1946,9,0.051461739587742784,0.1,1946-09-01
1946,10,-0.020470410161093057,0.1,1946-10-01
1946,11,0.035890579417307895,0.1,1946-11-01
1946,12,0.05621112052034282,0.1,1946-12-01
1947,1,0.24164065069935808,0.1,1947-01-01
1947,2,-0.10171224110739302,0.1,1947-02-01
1947,3,-0.32211745269742753,0.1,1947-03-01
1947,4,0.059757466320351,0.1,1947-04-01
1947,5,-0.24152543994226294,0.1,1947-05-01
1947,6,0.15337176502453836,0.1,1947-06-01
1947,7,0.43499329601708087,0.1,1947-07-01
1947,8,0.21865453998317702,0.1,1947-08-01
1947,9,0.001599331663493165,0.1,1947-09-01
1947,10,-0.08880178318588963,0.1,1947-10-01
1947,11,0.22367563504712995,0.1,1947-11-01
1947,12,-0.03514159230717145,0.1,1947-12-01
1948,1,0.09021294183318168,0.1,1948-01-01
1948,2,0.5040677331868912,0.1,1948-02-01
1948,3,0.09198654256776308,0.1,1948-03-01
1948,4,0.1196226801843014,0.1,1948-04-01
1948,5,0.12732806664601157,0.1,1948-05-01
1948,6,-0.06184798782124609,0.1,1948-06-01
1948,7,-0.17448073793697982,0.1,1948-07-01
1948,8,-0.18070776071097044,0.1,1948-08-01
1948,9,0.05895402712715153,0.1,1948-09-01
1948,10,0.21440870920085944,0.1,1948-10-01
1948,11,-0.08360142647560924,0.1,1948-11-01
1948,12,-0.3767155471973118,0.1,1948-12-01
1949,1,-0.019330172687511547,0.1,1949-01-01
1949,2,-0.13243190815302971,0.1,1949-02-01
1949,3,0.11987355968032923,0.1,1949-03-01
1949,4,0.20422353760519685,0.1,1949-04-01
1949,5,-0.22091849702916458,0.1,1949-05-01
1949,6,-0.02341978075709431,0.1,1949-06-01
1949,7,-0.10734038309904373,0.1,1949-07-01
1949,8,-0.0632791459709224,0.1,1949-08-01
1949,9,-0.1811815609210649,0.1,1949-09-01
1949,10,-0.31276679699910775,0.1,1949-10-01
1949,11,0.007363367563930257,0.1,1949-11-01
1949,12,0.36966258151728987,0.1,1949-12-01
1950,1,0.1989155191109118,0.1,1950-01-01
1950,2,0.22262212526782554,0.1,1950-02-01
1950,3,-0.016061549636079375,0.1,1950-03-01
1950,4,-0.1501456219832978,0.1,1950-04-01
1950,5,0.07363172311710871,0.1,1950-05-01
1950,6,-0.2671759042241243,0.1,1950-06-01
1950,7,0.012769534029573336,0.1,1950-07-01
1950,8,0.29480989443592615,0.1,1950-08-01
1950,9,0.2647994820515702,0.1,1950-09-01
1950,10,-0.6445990924996498,0.1,1950-10-01
1950,11,0.24678467098335805,0.1,1950-11-01
1950,12,0.348111487305437,0.1,1950-12-01
1951,1,0.18628669310527765,0.1,1951-01-01
1951,2,0.08372213306963357,0.1,1951-02-01
1951,3,0.08815516136307636,0.1,1951-03-01
1951,4,-0.3477434105520196,0.1,1951-04-01
1951,5,-0.3686423803274504,0.1,1951-05-01
1951,6,-0.3670353441596198,0.1,1951-06-01
1951,7,0.3082467323011904,0.1,1951-07-01
1951,8,0.14818247941945814,0.1,1951-08-01
1951,9,-0.301579682566981,0.1,1951-09-01
1951,10,-0.0980163865013185,0.1,1951-10-01
1951,11,0.5901878716227309,0.1,1951-11-01
1951,12,-0.1191284260848506,0.1,1951-12-01
1952,1,0.38385320422308716,0.1,1952-01-01
1952,2,-0.5051843180292331,0.1,1952-02-01
1952,3,0.12815414337667563,0.1,1952-03-01
1952,4,-0.08699698836536439,0.1,1952-04-01
1952,5,-0.0019514838640030813,0.1,1952-05-01
1952,6,0.24957597346897561,0.1,1952-06-01
1952,7,0.09525524224603399,0.1,1952-07-01
1952,8,0.10223601289971432,0.1,1952-08-01
1952,9,0.6608989063196034,0.1,1952-09-01
1952,10,0.21176923926295727,0.1,1952-10-01
1952,11,0.16927291333378747,0.1,1952-11-01
1952,12,-0.19412188488898724,0.1,1952-12-01
1953,1,-0.33029203490359604,0.1,1953-01-01
1953,2,0.36330550740739975,0.1,1953-02-01
1953,3,-0.021809524840330184,0.1,1953-03-01
1953,4,0.04992064661642423,0.1,1953-04-01
1953,5,-0.09612598698111932,0.1,1953-05-01
1953,6,-0.05927920792191248,0.1,1953-06-01
1953,7,0.21307461871009165,0.1,1953-07-01
1953,8,-0.18436680439718,0.1,1953-08-01
1953,9,-0.2996837666482586,0.1,1953-09-01
1953,10,0.10082703317995964,0.1,1953-10-01
1953,11,-0.13213788644533678,0.1,1953-11-01
1953,12,0.30483927302513747,0.1,1953-12-01
1954,1,0.15520963648298838,0.1,1954-01-01
1954,2,0.2357405875044834,0.1,1954-02-01
1954,3,0.06277576578607574,0.1,1954-03-01
1954,4,-0.018795751665447252,0.1,1954-04-01
1954,5,-0.2703842403680371,0.1,1954-05-01
1954,6,-0.03194593986983869,0.1,1954-06-01
1954,7,-0.255112722970063,0.1,1954-07-01
1954,8,0.022541441855239326,0.1,1954-08-01
1954,9,0.05178005435376344,0.1,1954-09-01
1954,10,-0.22277617354941623,0.1,1954-10-01
1954,11,0.17390412237909691,0.1,1954-11-01
1954,12,0.6007406557834127,0.1,1954-12-01
1955,1,0.368759508724952,0.1,1955-01-01
1955,2,0.07228258863283887,0.1,1955-02-01
1955,3,0.1764059447455788,0.1,1955-03-01
1955,4,0.17024412243234444,0.1,1955-04-01
1955,5,0.2886009411930792,0.1,1955-05-01
1955,6,-0.008531656434526226,0.1,1955-06-01
1955,7,0.4653620991965097,0.1,1955-07-01
1955,8,0.1045530051882022,0.1,1955-08-01
1955,9,0.1506095810461552,0.1,1955-09-01
1955,10,-0.09933275772473703,0.1,1955-10-01
1955,11,0.009673405158291085,0.1,1955-11-01
1955,12,0.47088710740304424,0.1,1955-12-01
1956,1,0.31186280263887417,0.1,1956-01-01
1956,2,-0.3219718666619972,0.1,1956-02-01
1956,3,0.1619354331220893,0.1,1956-03-01
1956,4,0.32326321846903683,0.1,1956-04-01
1956,5,0.32170502502111553,0.1,1956-05-01
1956,6,0.4616076662763474,0.1,1956-06-01
1956,7,0.3940645935825928,0.1,1956-07-01
1956,8,-0.18860110987539294,0.1,1956-08-01
1956,9,0.5764785873617928,0.1,1956-09-01
1956,10,-0.04723396596777284,0.1,1956-10-01
1956,11,0.3376159134659905,0.1,1956-11-01
1956,12,-0.33712338811543696,0.1,1956-12-01
1957,1,0.16796969420656482,0.1,1957-01-01
1957,2,0.2666384873166593,0.1,1957-02-01
1957,3,0.03440781796751974,0.1,1957-03-01
1957,4,0.015119361715206246,0.1,1957-04-01
1957,5,0.3725200391165732,0.1,1957-05-01
1957,6,-0.14320780391169133,0.1,1957-06-01
1957,7,0.052253669372893705,0.1,1957-07-01
1957,8,-0.4511240617424251,0.1,1957-08-01
1957,9,-0.14302115809205265,0.1,1957-09-01
1957,10,-0.4373466961592483,0.1,1957-10-01
1957,11,-0.2043603807870083,0.1,1957-11-01
1957,12,0.8833585720975199,0.1,1957-12-01
1958,1,0.0031713382079780195,0.1,1958-01-01
1958,2,-0.34796647804259995,0.1,1958-02-01
1958,3,0.31676772918664087,0.1,1958-03-01
1958,4,0.4481924160722294,0.1,1958-04-01
1958,5,-0.39581714310043387,0.1,1958-05-01
1958,6,0.22427272694006983,0.1,1958-06-01
1958,7,0.039552879101507024,0.1,1958-07-01
1958,8,0.4171260880456721,0.1,1958-08-01
1958,9,0.14840050820850756,0.1,1958-09-01
1958,10,0.32036820636508073,0.1,1958-10-01
1958,11,-0.24627765153507886,0.1,1958-11-01
1958,12,-0.40119958452188337,0.1,1958-12-01
1959,1,0.534117434535607,0.1,1959-01-01
1959,2,0.5933706934848971,0.1,1959-02-01
1959,3,-0.38482485501542796,0.1,1959-03-01
1959,4,-0.08380183870931704,0.1,1959-04-01
1959,5,0.16454236497562663,0.1,1959-05-01
1959,6,-0.012882409097202244,0.1,1959-06-01
1959,7,-0.10896422830238578,0.1,1959-07-01
1959,8,0.2616635262278793,0.1,1959-08-01
1959,9,0.4418650577355947,0.1,1959-09-01
1959,10,0.349749367165219,0.1,1959-10-01
1959,11,0.010817819640441304,0.1,1959-11-01
1959,12,0.4556128833094405,0.1,1959-12-01
1960,1,0.11116329415872912,0.1,1960-01-01
1960,2,0.5444968676223515,0.1,1960-02-01
1960,3,0.006412698525174204,0.1,1960-03-01
1960,4,0.06508879531004436,0.1,1960-04-01
1960,5,0.07772228071828463,0.1,1960-05-01
1960,6,0.2249267416192277,0.1,1960-06-01
1960,7,-0.16678014847170916,0.1,1960-07-01
1960,8,0.00963946651067231,0.1,1960-08-01
1960,9,0.43020398572476326,0.1,1960-09-01
1960,10,0.24733505082874266,0.1,1960-10-01
1960,11,0.3516053636466757,0.1,1960-11-01
1960,12,0.13119940438990008,0.1,1960-12-01
1961,1,0.44079991204502417,0.1,1961-01-01
1961,2,0.15860820070424334,0.1,1961-02-01
1961,3,-0.41382412553032966,0.1,1961-03-01
1961,4,0.3737045903123395,0.1,1961-04-01
1961,5,0.6027690787813892,0.1,1961-05-01
1961,6,-0.0271039792122771,0.1,1961-06-01
1961,7,0.20204431545761625,0.1,1961-07-01
1961,8,0.20253719769537784,0.1,1961-08-01
1961,9,0.4991094851754229,0.1,1961-09-01
1961,10,0.02168508452198059,0.1,1961-10-01
1961,11,0.4979790247420803,0.1,1961-11-01
1961,12,-0.4395246669251873,0.1,1961-12-01
1962,1,0.5411287507195435,0.1,1962-01-01
1962,2,0.036936717971904606,0.1,1962-02-01
1962,3,0.027878537120369654,0.1,1962-03-01
1962,4,0.002639586771617214,0.1,1962-04-01
1962,5,0.31679742096260505,0.1,1962-05-01
1962,6,0.240586587315891,0.1,1962-06-01
1962,7,-0.28489669715255256,0.1,1962-07-01
1962,8,0.3941214824542579,0.1,1962-08-01
1962,9,0.042692300671498026,0.1,1962-09-01
1962,10,-0.013477902759177735,0.1,1962-10-01
1962,11,0.6105931032467783,0.1,1962-11-01
1962,12,0.013775158694212725,0.1,1962-12-01
1963,1,0.29037953638878966,0.1,1963-01-01
1963,2,0.3063962906239277,0.1,1963-02-01
1963,3,-0.2339185262151155,0.1,1963-03-01
1963,4,0.636515189510742,0.1,1963-04-01
1963,5,-0.06306328486441576,0.1,1963-05-01
1963,6,0.009360528812391855,0.1,1963-06-01
1963,7,-0.1809495143371605,0.1,1963-07-01
1963,8,0.13973289933645314,0.1,1963-08-01
1963,9,0.14459372917017801,0.1,1963-09-01
1963,10,0.0717309691422571,0.1,1963-10-01
1963,11,0.005535764406873089,0.1,1963-11-01
1963,12,0.0986533733927091,0.1,1963-12-01
1964,1,0.6538688419630617,0.1,1964-01-01
1964,2,0.08300791950247094,0.1,1964-02-01
1964,3,0.31789140248050596,0.1,1964-03-01
1964,4,0.06470943195419787,0.1,1964-04-01
1964,5,0.31164244507854166,0.1,1964-05-01
1964,6,0.421328434583496,0.1,1964-06-01
1964,7,-0.4004837488044809,0.1,1964-07-01
1964,8,0.4862712778763897,0.1,1964-08-01
1964,9,-0.056021336895440865,0.1,1964-09-01
1964,10,0.09690175860220268,0.1,1964-10-01
1964,11,-0.04735525950980324,0.1,1964-11-01
1964,12,0.25944549129652744,0.1,1964-12-01
1965,1,0.14811357709028894,0.1,1965-01-01
1965,2,-0.04778892542622154,0.1,1965-02-01
1965,3,0.1120971625554555,0.1,1965-03-01
1965,4,-0.20070546401720782,0.1,1965-04-01
1965,5,0.6355320206393666,0.1,1965-05-01
1965,6,-0.32007008976549634,0.1,1965-06-01
1965,7,-0.038015976079961294,0.1,1965-07-01
1965,8,0.990719282427555,0.1,1965-08-01
1965,9,0.05901096709000622,0.1,1965-09-01
1965,10,0.0052258177917865745,0.1,1965-10-01
1965,11,-0.31282616662208185,0.1,1965-11-01
1965,12,0.4052167884061022,0.1,1965-12-01
1966,1,-0.08475600624396173,0.1,1966-01-01
1966,2,0.41780986902931816,0.1,1966-02-01
1966,3,0.06881632771451104,0.1,1966-03-01
1966,4,0.7536441785645487,0.1,1966-04-01
1966,5,-0.013095279029136597,0.1,1966-05-01
1966,6,0.28326063099509635,0.1,1966-06-01
1966,7,0.19566637389021277,0.1,1966-07-01
1966,8,-0.2636462119526892,0.1,1966-08-01
1966,9,0.792462889922869,0.1,1966-09-01
1966,10,0.8516046119109372,0.1,1966-10-01
1966,11,0.1926197596386351,0.1,1966-11-01
1966,12,-0.33268636027077425,0.1,1966-12-01
1967,1,0.20952710519638681,0.1,1967-01-01
1967,2,0.6757019747098737,0.1,1967-02-01
1967,3,-0.004537567094304917,0.1,1967-03-01
1967,4,-0.21416273234668623,0.1,1967-04-01
1967,5,-0.372483348643458,0.1,1967-05-01
1967,6,0.13733441919786463,0.1,1967-06-01
1967,7,0.6667111313155647,0.1,1967-07-01
1967,8,0.2825912537623685,0.1,1967-08-01
1967,9,-0.40255840249150676,0.1,1967-09-01
1967,10,0.09856403097061653,0.1,1967-10-01
1967,11,0.05463649777500418,0.1,1967-11-01
1967,12,0.012102971656539396,0.1,1967-12-01
1968,1,0.31535909693910913,0.1,1968-01-01
1968,2,-0.14834637131936929,0.1,1968-02-01
1968,3,0.14734574927829364,0.1,1968-03-01
1968,4,0.08614856280737156,0.1,1968-04-01
1968,5,0.5827188983793985,0.1,1968-05-01
1968,6,-0.05555260644102128,0.1,1968-06-01
1968,7,0.4920913022148373,0.1,1968-07-01
1968,8,0.10938005807408092,0.1,1968-08-01
1968,9,0.43440778664327506,0.1,1968-09-01
1968,10,0.09517781617485413,0.1,1968-10-01
1968,11,0.14537258287446184,0.1,1968-11-01
1968,12,-0.15646989237234288,0.1,1968-12-01
1969,1,-0.04928433609841301,0.1,1969-01-01
1969,2,-0.1765331500494688,0.1,1969-02-01
1969,3,0.17763100186208547,0.1,1969-03-01
1969,4,0.7050366518406721,0.1,1969-04-01
1969,5,0.22244014795085615,0.1,1969-05-01
1969,6,0.34595926781542885,0.1,1969-06-01
1969,7,-0.1535115676053757,0.1,1969-07-01
1969,8,-0.03381400310351912,0.1,1969-08-01
1969,9,1.0841079526011588,0.1,1969-09-01
1969,10,-0.2917907023874115,0.1,1969-10-01
1969,11,0.4203953538170115,0.1,1969-11-01
1969,12,0.5461140368722159,0.1,1969-12-01
1970,1,-0.429199590614114,0.1,1970-01-01
1970,2,-0.13847886911373752,0.1,1970-02-01
1970,3,-0.13176686027159623,0.1,1970-03-01
1970,4,-0.009584069232615983,0.1,1970-04-01
1970,5,0.011226042134080266,0.1,1970-05-01
1970,6,0.6744806863507229,0.1,1970-06-01
1970,7,-0.24498735833190532,0.1,1970-07-01
1970,8,0.6186571249409754,0.1,1970-08-01
1970,9,0.48531871135546006,0.1,1970-09-01
1970,10,-0.04246567453168262,0.1,1970-10-01
1970,11,0.1766997641406832,0.1,1970-11-01
1970,12,0.08072476485093927,0.1,1970-12-01
1971,1,0.17938696596377857,0.1,1971-01-01
1971,2,0.4970967691999363,0.1,1971-02-01
1971,3,0.30782873889684215,0.1,1971-03-01
1971,4,0.5877305574357912,0.1,1971-04-01
1971,5,0.5016490892787252,0.1,1971-05-01
1971,6,0.5347364778783394,0.1,1971-06-01
1971,7,0.7266434561319811,0.1,1971-07-01
1971,8,0.09393726583430043,0.1,1971-08-01
1971,9,0.006901673791127855,0.1,1971-09-01
1971,10,0.4487922116504335,0.1,1971-10-01
1971,11,0.9584796007760662,0.1,1971-11-01
1971,12,0.04780788860678467,0.1,1971-12-01
1972,1,0.7045295691405818,0.1,1972-01-01
1972,2,0.057455902437622774,0.1,1972-02-01
1972,3,0.2743336981636067,0.1,1972-03-01
1972,4,0.21195983768362506,0.1,1972-04-01
1972,5,0.4797617205199616,0.1,1972-05-01
1972,6,-0.291801587212813,0.1,1972-06-01
1972,7,-0.06576100334575988,0.1,1972-07-01
1972,8,1.1814427136597405,0.1,1972-08-01
1972,9,0.8868926272493546,0.1,1972-09-01
1972,10,-0.148269984699848,0.1,1972-10-01
1972,11,0.3231442350787908,0.1,1972-11-01
1972,12,0.07297446500299282,0.1,1972-12-01
1973,1,0.20259929759062595,0.1,1973-01-01
1973,2,0.26821239759257237,0.1,1973-02-01
1973,3,-0.11162603218711473,0.1,1973-03-01
1973,4,-0.2057705672293745,0.1,1973-04-01
1973,5,0.09238393081284096,0.1,1973-05-01
1973,6,0.16152277074364282,0.1,1973-06-01
1973,7,0.12635376551817634,0.1,1973-07-01
1973,8,0.055492666852077294,0.1,1973-08-01
1973,9,0.7379911014185915,0.1,1973-09-01
1973,10,0.0160263722596799,0.1,1973-10-01
1973,11,0.17630046857118142,0.1,1973-11-01
1973,12,0.30950088388051933,0.1,1973-12-01
1974,1,0.6308602885808773,0.1,1974-01-01
1974,2,0.6523077774508972,0.1,1974-02-01
1974,3,0.5568934046761946,0.1,1974-03-01
1974,4,0.018725109016407365,0.1,1974-04-01
1974,5,0.4068888017604064,0.1,1974-05-01
1974,6,0.15057798093246622,0.1,1974-06-01
1974,7,0.011651330888625938,0.1,1974-07-01
1974,8,0.1647466316536258,0.1,1974-08-01
1974,9,-0.028233129205241014,0.1,1974-09-01
1974,10,0.35320716563137033,0.1,1974-10-01
1974,11,0.22681489046585512,0.1,1974-11-01
1974,12,0.7965699685028982,0.1,1974-12-01
1975,1,0.23735040519583556,0.1,1975-01-01
1975,2,0.03954642502422223,0.1,1975-02-01
1975,3,0.44311059237921513,0.1,1975-03-01
1975,4,0.46291191753365957,0.1,1975-04-01
1975,5,0.1634814290038283,0.1,1975-05-01
1975,6,0.14425312397353132,0.1,1975-06-01
1975,7,-0.03546218069934587,0.1,1975-07-01
1975,8,0.6646395228611918,0.1,1975-08-01
1975,9,0.19024709051368782,0.1,1975-09-01
1975,10,-0.08411026412976158,0.1,1975-10-01
1975,11,-0.2934249192733702,0.1,1975-11-01
1975,12,0.036808914647125796,0.1,1975-12-01
1976,1,0.25747087765215115,0.1,1976-01-01
1976,2,-0.23177683456210574,0.1,1976-02-01
1976,3,-0.23426817043830261,0.1,1976-03-01
1976,4,0.20707820941158167,0.1,1976-04-01
1976,5,0.5692699547471847,0.1,1976-05-01
1976,6,0.7870437913079107,0.1,1976-06-01
1976,7,0.2917251729638997,0.1,1976-07-01
1976,8,0.36063496635970055,0.1,1976-08-01
1976,9,-0.32990109353888863,0.1,1976-09-01
1976,10,0.1260303311886054,0.1,1976-10-01
1976,11,0.07334550931670833,0.1,1976-11-01
1976,12,-0.08578821737358766,0.1,1976-12-01
1977,1,0.5612888050350469,0.1,1977-01-01
1977,2,0.45388005691821187,0.1,1977-02-01
1977,3,0.3079600152946833,0.1,1977-03-01
1977,4,0.524858359336076,0.1,1977-04-01
1977,5,-0.0814492584369686,0.1,1977-05-01
1977,6,-0.03024805380276102,0.1,1977-06-01
1977,7,0.5720049297616128,0.1,1977-07-01
1977,8,0.5000592742525476,0.1,1977-08-01
1977,9,0.28698467122605514,0.1,1977-09-01
1977,10,0.3420893476639498,0.1,1977-10-01
1977,11,0.19459002192101452,0.1,1977-11-01
1977,12,-0.02797401535956584,0.1,1977-12-01
1978,1,0.1156816524008302,0.1,1978-01-01
1978,2,-0.2385990473618531,0.1,1978-02-01
1978,3,0.34462265532659636,0.1,1978-03-01
1978,4,0.8044058638133676,0.1,1978-04-01
1978,5,0.1398205593523625,0.1,1978-05-01
1978,6,0.6255292184045668,0.1,1978-06-01
1978,7,0.3524948317806734,0.1,1978-07-01
1978,8,0.0770640324818658,0.1,1978-08-01
1978,9,0.29410271764108575,0.1,1978-09-01
1978,10,-0.09206350022999094,0.1,1978-10-01
1978,11,0.6031417965477652,0.1,1978-11-01
1978,12,0.12426392220324858,0.1,1978-12-01
1979,1,0.18166631526926516,0.1,1979-01-01
1979,2,0.9522122805988316,0.1,1979-02-01
1979,3,0.6582197038406925,0.1,1979-03-01
1979,4,0.5163572438843034,0.1,1979-04-01
1979,5,0.23118543650821094,0.1,1979-05-01
1979,6,-0.4310818524759999,0.1,1979-06-01
1979,7,0.35833045561834737,0.1,1979-07-01
1979,8,0.3572721802058346,0.1,1979-08-01
1979,9,0.5056734695120356,0.1,1979-09-01
1979,10,-0.17279048841600136,0.1,1979-10-01
1979,11,-0.031047310523203087,0.1,1979-11-01
1979,12,0.2979966570205245,0.1,1979-12-01
1980,1,0.7034030286487892,0.1,1980-01-01
1980,2,-0.053422161892235476,0.1,1980-02-01
1980,3,0.6826545769123398,0.1,1980-03-01
1980,4,0.58271645460063,0.1,1980-04-01
1980,5,0.5472275893437434,0.1,1980-05-01
1980,6,-0.2549165547676073,0.1,1980-06-01
1980,7,0.08117301280598463,0.1,1980-07-01
1980,8,-0.10335802563882474,0.1,1980-08-01
1980,9,0.6128276678019454,0.1,1980-09-01
1980,10,0.06392218347174128,0.1,1980-10-01
1980,11,0.05469772919419591,0.1,1980-11-01
1980,12,0.8066897810751219,0.1,1980-12-01
1981,1,0.1799619202600984,0.1,1981-01-01
1981,2,0.007542672914737036,0.1,1981-02-01
1981,3,0.6445231260964415,0.1,1981-03-01
1981,4,0.5447539509689209,0.1,1981-04-01
1981,5,-0.18167157072124945,0.1,1981-05-01
1981,6,0.3490616524597152,0.1,1981-06-01
1981,7,0.46367231968608014,0.1,1981-07-01
1981,8,0.22593282568240214,0.1,1981-08-01
1981,9,0.09991014421054967,0.1,1981-09-01
1981,10,0.6178467671917426,0.1,1981-10-01
1981,11,0.4830971385309587,0.1,1981-11-01
1981,12,0.015509356585039935,0.1,1981-12-01
1982,1,0.6478136383713724,0.1,1982-01-01
1982,2,-0.04317529420105548,0.1,1982-02-01
1982,3,0.22424411931167865,0.1,1982-03-01
1982,4,0.1574515330302636,0.1,1982-04-01
1982,5,0.4712161098416231,0.1,1982-05-01
1982,6,-0.10382759334625402,0.1,1982-06-01
1982,7,0.028772950491957328,0.1,1982-07-01
1982,8,-0.13977822586457817,0.1,1982-08-01
1982,9,0.3622206427343503,0.1,1982-09-01
1982,10,0.24290245106789513,0.1,1982-10-01
1982,11,-0.14314542035313188,0.1,1982-11-01
1982,12,0.5686885933899389,0.1,1982-12-01
1983,1,0.29468520026253675,0.1,1983-01-01
1983,2,0.4000198406760069,0.1,1983-02-01
1983,3,0.1294366718305475,0.1,1983-03-01
1983,4,0.9678295586561065,0.1,1983-04-01
1983,5,0.338474238005904,0.1,1983-05-01
1983,6,0.4776261363392188,0.1,1983-06-01
1983,7,-0.17746712183084207,0.1,1983-07-01
1983,8,0.1994145019806997,0.1,1983-08-01
1983,9,0.43500386487242315,0.1,1983-09-01
1983,10,0.21735672397630584,0.1,1983-10-01
1983,11,0.7171543450427593,0.1,1983-11-01
1983,12,-0.1704092151470083,0.1,1983-12-01
1984,1,-0.20288188802121337,0.1,1984-01-01
1984,2,-0.0054883250493792946,0.1,1984-02-01
1984,3,0.955891504994054,0.1,1984-03-01
1984,4,0.49664956457882636,0.1,1984-04-01
1984,5,0.26086129561933097,0.1,1984-05-01
1984,6,0.49408340623287084,0.1,1984-06-01
1984,7,0.5876393433075284,0.1,1984-07-01
1984,8,0.22717162003063107,0.1,1984-08-01
1984,9,0.5033313694484447,0.1,1984-09-01
1984,10,0.15043366642655223,0.1,1984-10-01
1984,11,0.4061203511648883,0.1,1984-11-01
1984,12,0.46656660364477814,0.1,1984-12-01
1985,1,0.40425225000140586,0.1,1985-01-01
1985,2,0.7138103572182136,0.1,1985-02-01
1985,3,0.620161286610277,0.1,1985-03-01
1985,4,0.48535371053555043,0.1,1985-04-01
1985,5,0.3293390981376928,0.1,1985-05-01
1985,6,0.029209762090135594,0.1,1985-06-01
1985,7,0.20230819698074132,0.1,1985-07-01
1985,8,0.11982959535096846,0.1,1985-08-01
1985,9,0.6323934465734806,0.1,1985-09-01
1985,10,0.13906064025099485,0.1,1985-10-01
1985,11,0.8290225525851961,0.1,1985-11-01
1985,12,0.3043662311694097,0.1,1985-12-01
1986,1,0.5364280642179593,0.1,1986-01-01
1986,2,0.0953790694327965,0.1,1986-02-01
1986,3,0.22386331474789795,0.1,1986-03-01
1986,4,0.6315041417576894,0.1,1986-04-01
1986,5,0.36304329783307254,0.1,1986-05-01
1986,6,0.7051510691516927,0.1,1986-06-01
1986,7,0.27753915189516853,0.1,1986-07-01
1986,8,0.41715497097877574,0.1,1986-08-01
1986,9,0.506109230796327,0.1,1986-09-01
1986,10,0.44879667395353545,0.1,1986-10-01
1986,11,0.2658685097258635,0.1,1986-11-01
1986,12,0.16863544469966651,0.1,1986-12-01
1987,1,0.5140502649191483,0.1,1987-01-01
1987,2,0.09562587858479832,0.1,1987-02-01
1987,3,0.6135957359800484,0.1,1987-03-01
1987,4,0.45132114097624965,0.1,1987-04-01
1987,5,0.16734278507500602,0.1,1987-05-01
1987,6,0.7827013543538787,0.1,1987-06-01
1987,7,0.5224002643790165,0.1,1987-07-01
1987,8,0.22769387592114831,0.1,1987-08-01
1987,9,0.3039000445637061,0.1,1987-09-01
1987,10,0.7449562027246726,0.1,1987-10-01
1987,11,0.25865946237772114,0.1,1987-11-01
1987,12,-0.0890044029231199,0.1,1987-12-01
1988,1,0.692462909242288,0.1,1988-01-01
1988,2,-0.2819346226977102,0.1,1988-02-01
1988,3,0.14367960234053412,0.1,1988-03-01
1988,4,1.1813253584011636,0.1,1988-04-01
1988,5,0.33073942379439586,0.1,1988-05-01
1988,6,0.9441435930787916,0.1,1988-06-01
1988,7,-0.3976349472812617,0.1,1988-07-01
1988,8,-0.11496512518781665,0.1,1988-08-01
1988,9,0.6858560790374935,0.1,1988-09-01
1988,10,0.5978687925156144,0.1,1988-10-01
1988,11,0.12453137318400193,0.1,1988-11-01
1988,12,0.4675912103932835,0.1,1988-12-01
1989,1,0.32451897324133683,0.1,1989-01-01
1989,2,0.11966974360852267,0.1,1989-02-01
1989,3,0.8443907480191053,0.1,1989-03-01
1989,4,0.5259467879579878,0.1,1989-04-01
1989,5,0.8066399974507529,0.1,1989-05-01
1989,6,0.5247346427959596,0.1,1989-06-01
1989,7,0.35927670402649536,0.1,1989-07-01
1989,8,0.15318840657519203,0.1,1989-08-01
1989,9,0.4276946437954634,0.1,1989-09-01
1989,10,0.2799517267900631,0.1,1989-10-01
1989,11,0.270506179440953,0.1,1989-11-01
1989,12,-0.07231281239810256,0.1,1989-12-01
1990,1,1.3104849320562564,0.1,1990-01-01
1990,2,1.13076503134733,0.1,1990-02-01
1990,3,1.2350876840477383,0.1,1990-03-01
1990,4,1.1859809574425344,0.1,1990-04-01
1990,5,1.1647274044143863,0.1,1990-05-01
1990,6,0.2418890662796116,0.1,1990-06-01
1990,7,0.2807038720879862,0.1,1990-07-01
1990,8,1.221556180404261,0.1,1990-08-01
1990,9,0.4157767371311456,0.1,1990-09-01
1990,10,0.891803305530124,0.1,1990-10-01
1990,11,0.7506258788073801,0.1,1990-11-01
1990,12,0.49270175353786677,0.1,1990-12-01
1991,1,1.439542314095888,0.1,1991-01-01
1991,2,0.46683162845254084,0.1,1991-02-01
1991,3,1.2134731284755813,0.1,1991-03-01
1991,4,1.2216382142546527,0.1,1991-04-01
1991,5,1.5102054401035538,0.1,1991-05-01
1991,6,0.2468743435330899,0.1,1991-06-01
1991,7,0.5661130956856777,0.1,1991-07-01
1991,8,1.394019370019434,0.1,1991-08-01
1991,9,1.059406828179023,0.1,1991-09-01
1991,10,1.3155477182227662,0.1,1991-10-01
1991,11,1.256861290028239,0.1,1991-11-01
1991,12,0.7891516869559843,0.1,1991-12-01
1992,1,0.7964204206453998,0.1,1992-01-01
1992,2,0.6521478395604183,0.1,1992-02-01
1992,3,0.8471458202461887,0.1,1992-03-01
1992,4,1.1301129404855876,0.1,1992-04-01
1992,5,1.1909943169004622,0.1,1992-05-01
1992,6,1.06702586736226,0.1,1992-06-01
1992,7,0.6833606795216517,0.1,1992-07-01
1992,8,1.5499621883912225,0.1,1992-08-01
1992,9,1.4400583402816223,0.1,1992-09-01
1992,10,0.9328063635233794,0.1,1992-10-01
1992,11,0.7560274875578832,0.1,1992-11-01
1992,12,1.4803029526691898,0.1,1992-12-01
1993,1,0.6191693471007745,0.1,1993-01-01
1993,2,1.5059194455333529,0.1,1993-02-01
1993,3,1.3486576955606604,0.1,1993-03-01
1993,4,1.187265138076304,0.1,1993-04-01
1993,5,1.2135985275615493,0.1,1993-05-01
1993,6,0.9584789970482748,0.1,1993-06-01
1993,7,1.4853823325481272,0.1,1993-07-01
1993,8,0.6248071992098078,0.1,1993-08-01
1993,9,0.4758838938670512,0.1,1993-09-01
1993,10,0.9130403708108819,0.1,1993-10-01
1993,11,0.79710688463701,0.1,1993-11-01
1993,12,1.1812793917570836,0.1,1993-12-01
1994,1,1.1017148571532127,0.1,1994-01-01
1994,2,1.2964890062047547,0.1,1994-02-01
1994,3,1.7217027889583192,0.1,1994-03-01
1994,4,0.6627654929546849,0.1,1994-04-01
1994,5,0.7728464710302053,0.1,1994-05-01
1994,6,0.7836119669594495,0.1,1994-06-01
1994,7,1.2780967843258604,0.1,1994-07-01
1994,8,0.9238158723759872,0.1,1994-08-01
1994,9,1.0627660682130866,0.1,1994-09-01
1994,10,1.3282288102298034,0.1,1994-10-01
1994,11,1.85026779810193,0.1,1994-11-01
1994,12,1.6072493649218158,0.1,1994-12-01
1995,1,1.264834935039937,0.1,1995-01-01
1995,2,1.0465049666556299,0.1,1995-02-01
1995,3,0.9151635331160227,0.1,1995-03-01
1995,4,0.8305846923485841,0.1,1995-04-01
1995,5,0.4298823274056023,0.1,1995-05-01
1995,6,0.798865465613115,0.1,1995-06-01
1995,7,0.43572252752552953,0.1,1995-07-01
1995,8,0.9953174643918306,0.1,1995-08-01
1995,9,0.8692300680986341,0.1,1995-09-01
1995,10,0.11395771659887954,0.1,1995-10-01
1995,11,0.7292472038035201,0.1,1995-11-01
1995,12,0.9047883448356355,0.1,1995-12-01
1996,1,1.305766866901843,0.1,1996-01-01
1996,2,0.45416249558576594,0.1,1996-02-01
1996,3,0.4202999791940285,0.1,1996-03-01
1996,4,0.6446394301594764,0.1,1996-04-01
1996,5,0.5285622587570195,0.1,1996-05-01
1996,6,0.7730345510759971,0.1,1996-06-01
1996,7,2.1693015508837976,0.1,1996-07-01
1996,8,0.9725844017337748,0.1,1996-08-01
1996,9,0.6341308947585693,0.1,1996-09-01
1996,10,0.5607552399115261,0.1,1996-10-01
1996,11,0.4604245164766213,0.1,1996-11-01
1996,12,0.841008694444415,0.1,1996-12-01
1997,1,0.9211446499077137,0.1,1997-01-01
1997,2,0.9333456491361067,0.1,1997-02-01
1997,3,0.44233812905299014,0.1,1997-03-01
1997,4,0.7937197336613844,0.1,1997-04-01
1997,5,1.370120216182275,0.1,1997-05-01
1997,6,0.5088652708925971,0.1,1997-06-01
1997,7,0.14971918594330236,0.1,1997-07-01
1997,8,1.4161457619052369,0.1,1997-08-01
1997,9,1.0449785044606617,0.1,1997-09-01
1997,10,0.9595623436162379,0.1,1997-10-01
1997,11,0.24055098689649113,0.1,1997-11-01
1997,12,1.3946251116279322,0.1,1997-12-01
1998,1,1.2263240348750868,0.1,1998-01-01
1998,2,0.52008037901689,0.1,1998-02-01
1998,3,0.9081914838884757,0.1,1998-03-01
1998,4,1.1582012292471804,0.1,1998-04-01
1998,5,1.3987375902081862,0.1,1998-05-01
1998,6,0.8217834184050746,0.1,1998-06-01
1998,7,0.3669198555690487,0.1,1998-07-01
1998,8,0.9040783511965034,0.1,1998-08-01
1998,9,1.1924526835536085,0.1,1998-09-01
1998,10,1.0420045696611777,0.1,1998-10-01
1998,11,1.3257572237834232,0.1,1998-11-01
1998,12,0.6994371899389916,0.1,1998-12-01
1999,1,0.6202867462977533,0.1,1999-01-01
1999,2,0.07325094044850344,0.1,1999-02-01
1999,3,1.1220417276622185,0.1,1999-03-01
1999,4,1.2893642973339001,0.1,1999-04-01
1999,5,0.8985563726685212,0.1,1999-05-01
1999,6,1.2085555031909168,0.1,1999-06-01
1999,7,1.236323417544514,0.1,1999-07-01
1999,8,1.2815722811855554,0.1,1999-08-01
1999,9,0.9994285835876384,0.1,1999-09-01
1999,10,0.6322106553188256,0.1,1999-10-01
1999,11,1.003711032871383,0.1,1999-11-01
1999,12,1.2061592098075453,0.1,1999-12-01
2000,1,0.901531471389472,0.1,2000-01-01
2000,2,0.26307594794864286,0.1,2000-02-01
2000,3,1.137893307653858,0.1,2000-03-01
2000,4,1.1268230792462601,0.1,2000-04-01
2000,5,0.6039026071510906,0.1,2000-05-01
2000,6,0.5858881529010358,0.1,2000-06-01
2000,7,0.5945330150640258,0.1,2000-07-01
2000,8,0.9472077228722919,0.1,2000-08-01
2000,9,0.5538455019424222,0.1,2000-09-01
2000,10,0.9126660608208153,0.1,2000-10-01
2000,11,0.9097835450702515,0.1,2000-11-01
2000,12,0.7644681043683691,0.1,2000-12-01
2001,1,1.314002817650509,0.1,2001-01-01
2001,2,1.3386955319023333,0.1,2001-02-01
2001,3,1.3705103688181075,0.1,2001-03-01
2001,4,1.0758522813127065,0.1,2001-04-01
2001,5,0.4227651026748005,0.1,2001-05-01
2001,6,1.3109906031101488,0.1,2001-06-01
2001,7,0.6541257407696552,0.1,2001-07-01
2001,8,0.8011903420012918,0.1,2001-08-01
2001,9,0.5477489528845857,0.1,2001-09-01
2001,10,1.0104978606522304,0.1,2001-10-01
2001,11,-0.2095705451721328,0.1,2001-11-01
2001,12,0.15742838254513425,0.1,2001-12-01
2002,1,1.045409281437727,0.1,2002-01-01
2002,2,1.484000541035853,0.1,2002-02-01
2002,3,0.011586189286544535,0.1,2002-03-01
2002,4,0.6195260199431905,0.1,2002-04-01
2002,5,0.6235397141718622,0.1,2002-05-01
2002,6,1.5437232911973533,0.1,2002-06-01
2002,7,0.7930665404300002,0.1,2002-07-01
2002,8,0.2732123354688475,0.1,2002-08-01
2002,9,1.5166670666001845,0.1,2002-09-01
2002,10,0.43357128314952553,0.1,2002-10-01
2002,11,1.281318868167371,0.1,2002-11-01
2002,12,0.3943057793641044,0.1,2002-12-01
2003,1,1.1171732909547718,0.1,2003-01-01
2003,2,1.0508243898728167,0.1,2003-02-01
2003,3,1.4083395175118978,0.1,2003-03-01
2003,4,0.8601020058276321,0.1,2003-04-01
2003,5,1.2908355341496756,0.1,2003-05-01
2003,6,1.1384062657496987,0.1,2003-06-01
2003,7,1.070733307400064,0.1,2003-07-01
2003,8,-0.11345368995507932,0.1,2003-08-01
2003,9,0.5313224489854786,0.1,2003-09-01
2003,10,0.6838818306494621,0.1,2003-10-01
2003,11,1.090862491277828,0.1,2003-11-01
2003,12,1.4166806112979373,0.1,2003-12-01
2004,1,0.22625602832001035,0.1,2004-01-01
2004,2,0.6249867769325397,0.1,2004-02-01
2004,3,1.0485570915271836,0.1,2004-03-01
2004,4,1.4208507529075676,0.1,2004-04-01
2004,5,0.8060389536678516,0.1,2004-05-01
2004,6,1.4441057547966678,0.1,2004-06-01
2004,7,0.7348656414084174,0.1,2004-07-01
2004,8,1.277317101924193,0.1,2004-08-01
2004,9,1.145308957935132,0.1,2004-09-01
2004,10,1.5538495451731758,0.1,2004-10-01
2004,11,0.7834970777500609,0.1,2004-11-01
2004,12,1.202878898688737,0.1,2004-12-01
2005,1,0.9414127658319018,0.1,2005-01-01
2005,2,0.6741895850255917,0.1,2005-02-01
2005,3,1.653089589014121,0.1,2005-03-01
2005,4,1.1290901069243944,0.1,2005-04-01
2005,5,0.7769687026811773,0.1,2005-05-01
2005,6,1.787873520217277,0.1,2005-06-01
2005,7,0.9037735993659475,0.1,2005-07-01
2005,8,0.4589010089576897,0.1,2005-08-01
2005,9,1.6380869469394024,0.1,2005-09-01
2005,10,0.42000889978544365,0.1,2005-10-01
2005,11,0.7868065528102053,0.1,2005-11-01
2005,12,0.4268815424865058,0.1,2005-12-01
2006,1,1.6875510231224387,0.1,2006-01-01
2006,2,0.8807791487267358,0.1,2006-02-01
2006,3,1.3511492918383303,0.1,2006-03-01
2006,4,1.464823736634725,0.1,2006-04-01
2006,5,1.3169983297383125,0.1,2006-05-01
2006,6,1.6539913374491177,0.1,2006-06-01
2006,7,1.2259662833354965,0.1,2006-07-01
2006,8,0.6661302124640469,0.1,2006-08-01
2006,9,1.3279617492997986,0.1,2006-09-01
2006,10,0.16397131418899324,0.1,2006-10-01
2006,11,1.4480020742977802,0.1,2006-11-01
2006,12,1.4455325384839819,0.1,2006-12-01
2007,1,0.46527824657364336,0.1,2007-01-01
2007,2,1.5164424983754792,0.1,2007-02-01
2007,3,1.3005308011716643,0.1,2007-03-01
2007,4,1.2825095247032068,0.1,2007-04-01
2007,5,1.2171775081906946,0.1,2007-05-01
2007,6,1.104098767135594,0.1,2007-06-01
2007,7,0.7881335389889612,0.1,2007-07-01
2007,8,1.5251218113882246,0.1,2007-08-01
2007,9,1.0650976423460823,0.1,2007-09-01
2007,10,1.5689750867779728,0.1,2007-10-01
2007,11,0.5806502607482021,0.1,2007-11-01
2007,12,0.5889270652386319,0.1,2007-12-01
2008,1,1.1492204283896197,0.1,2008-01-01
2008,2,1.5354822397974828,0.1,2008-02-01
2008,3,1.1775000379842637,0.1,2008-03-01
2008,4,1.128844939543248,0.1,2008-04-01
2008,5,1.8835604027484443,0.1,2008-05-01
2008,6,0.8523135680569773,0.1,2008-06-01
2008,7,1.950396164993062,0.1,2008-07-01
2008,8,0.9388803073103622,0.1,2008-08-01
2008,9,1.5625823558537082,0.1,2008-09-01
2008,10,1.719296964146977,0.1,2008-10-01
2008,11,1.540475681444102,0.1,2008-11-01
2008,12,1.131407518065181,0.1,2008-12-01
2009,1,1.2273889739174917,0.1,2009-01-01
2009,2,1.3984942166043368,0.1,2009-02-01
2009,3,1.975897941181192,0.1,2009-03-01
2009,4,1.6185670112742505,0.1,2009-04-01
2009,5,0.9831533502649656,0.1,2009-05-01
2009,6,1.8442688867330275,0.1,2009-06-01
2009,7,0.8202411259669795,0.1,2009-07-01
2009,8,1.1639719591923334,0.1,2009-08-01
2009,9,1.0597452935197276,0.1,2009-09-01
2009,10,0.9550865983393086,0.1,2009-10-01
2009,11,1.9582157104446303,0.1,2009-11-01
2009,12,1.5351563566799336,0.1,2009-12-01
2010,1,0.8659105151453719,0.1,2010-01-01
2010,2,0.816512811608997,0.1,2010-02-01
2010,3,1.813131695337721,0.1,2010-03-01
2010,4,1.8722613987128334,0.1,2010-04-01
2010,5,1.0378765609750713,0.1,2010-05-01
2010,6,0.848521572834452,0.1,2010-06-01
2010,7,0.3007492624769603,0.1,2010-07-01
2010,8,0.7756706477723552,0.1,2010-08-01
2010,9,1.3683486350676313,0.1,2010-09-01
2010,10,1.322888851903217,0.1,2010-10-01
2010,11,0.9873273380371466,0.1,2010-11-01
2010,12,1.2502212781960436,0.1,2010-12-01
2011,1,1.175720800492062,0.1,2011-01-01
2011,2,1.3609442261195814,0.1,2011-02-01
2011,3,2.3416541776913165,0.1,2011-03-01
2011,4,1.0839206685757121,0.1,2011-04-01
2011,5,1.4495053608119157,0.1,2011-05-01
2011,6,1.4325173923143204,0.1,2011-06-01
2011,7,1.0195015328305717,0.1,2011-07-01
2011,8,1.562108938292641,0.1,2011-08-01
2011,9,0.5476671868929631,0.1,2011-09-01
2011,10,1.4409840856268268,0.1,2011-10-01
2011,11,1.8304049388424368,0.1,2011-11-01
2011,12,1.2601899961882301,0.1,2011-12-01
2012,1,1.3953596641558141,0.1,2012-01-01
2012,2,1.4080676981775655,0.1,2012-02-01
2012,3,1.3086143782432336,0.1,2012-03-01
2012,4,1.6619849902885355,0.1,2012-04-01
2012,5,1.1149936471992359,0.1,2012-05-01
2012,6,0.8305012293016124,0.1,2012-06-01
2012,7,1.374465528087155,0.1,2012-07-01
2012,8,1.2700434766869309,0.1,2012-08-01
2012,9,1.4518589597486768,0.1,2012-09-01
2012,10,1.4264907536842932,0.1,2012-10-01
2012,11,0.7239248636743041,0.1,2012-11-01
2012,12,1.7230748627766121,0.1,2012-12-01
2013,1,1.239412141005485,0.1,2013-01-01
2013,2,0.8633606063741577,0.1,2013-02-01
2013,3,1.6231410999801505,0.1,2013-03-01
2013,4,1.164159688280713,0.1,2013-04-01
2013,5,1.540358175215461,0.1,2013-05-01
2013,6,0.6618697835822999,0.1,2013-06-01
2013,7,1.6436616542209168,0.1,2013-07-01
2013,8,1.8458134700312043,0.1,2013-08-01
2013,9,1.1216093196543655,0.1,2013-09-01
2013,10,1.4626941738436694,0.1,2013-10-01
2013,11,1.1521369847775127,0.1,2013-11-01
2013,12,0.9490411908916125,0.1,2013-12-01
2014,1,1.3490287146387714,0.1,2014-01-01
2014,2,1.2729664682445996,0.1,2014-02-01
2014,3,0.9047571585254375,0.1,2014-03-01
2014,4,2.002624875186924,0.1,2014-04-01
2014,5,1.8369257752299717,0.1,2014-05-01
2014,6,0.7048694918019981,0.1,2014-06-01
2014,7,0.5702891745451939,0.1,2014-07-01
2014,8,1.2538247942951812,0.1,2014-08-01
2014,9,1.336254869220853,0.1,2014-09-01
2014,10,1.7167982174747816,0.1,2014-10-01
2014,11,1.9254248530428637,0.1,2014-11-01
2014,12,0.8819981346040466,0.1,2014-12-01
2015,1,1.3713435784353185,0.1,2015-01-01
2015,2,0.9318118941042011,0.1,2015-02-01
2015,3,0.9981322338773253,0.1,2015-03-01
2015,4,1.4441005877040696,0.1,2015-04-01
2015,5,1.9775427841497943,0.1,2015-05-01
2015,6,1.2127515809488534,0.1,2015-06-01
2015,7,1.0896610107374916,0.1,2015-07-01
2015,8,1.374865036921689,0.1,2015-08-01
2015,9,1.2555189455139752,0.1,2015-09-01
2015,10,1.6522203683312788,0.1,2015-10-01
2015,11,1.81037775373435,0.1,2015-11-01
2015,12,1.3217805401011378,0.1,2015-12-01
2016,1,1.8776459691384557,0.1,2016-01-01
2016,2,1.6478696714870615,0.1,2016-02-01
2016,3,1.2618800124904388,0.1,2016-03-01
2016,4,0.8877218087911386,0.1,2016-04-01
2016,5,0.6351168784875114,0.1,2016-05-01
2016,6,1.1015872392609136,0.1,2016-06-01
2016,7,1.663928638152292,0.1,2016-07-01
2016,8,1.1308505786775187,0.1,2016-08-01
2016,9,1.4195948154407052,0.1,2016-09-01
2016,10,1.548940682209003,0.1,2016-10-01
2016,11,1.1093080113649239,0.1,2016-11-01
2016,12,1.3741278788620133,0.1,2016-12-01
2017,1,1.1334484007011838,0.1,2017-01-01
2017,2,0.6756482104085964,0.1,2017-02-01
2017,3,1.933971770728908,0.1,2017-03-01
2017,4,1.4591689927532918,0.1,2017-04-01
2017,5,1.116760304532218,0.1,2017-05-01
2017,6,1.889570560806891,0.1,2017-06-01
2017,7,1.6825827029958944,0.1,2017-07-01
2017,8,1.1030600982064473,0.1,2017-08-01
2017,9,1.0200278192294157,0.1,2017-09-01
2017,10,0.8454352931737312,0.1,2017-10-01
2017,11,1.706898572004558,0.1,2017-11-01
2017,12,1.9021825357589135,0.1,2017-12-01
2018,1,2.1292705081232626,0.1,2018-01-01
2018,2,1.6907671331158203,0.1,2018-02-01
2018,3,2.0761846937929374,0.1,2018-03-01
2018,4,0.6038975444977556,0.1,2018-04-01
2018,5,1.5278200642264357,0.1,2018-05-01
2018,6,1.117779521418131,0.1,2018-06-01
2018,7,0.7424250936124699,0.1,2018-07-01
2018,8,1.9283463124736273,0.1,2018-08-01
2018,9,1.8561603671002376,0.1,2018-09-01
2018,10,1.00678556873138,0.1,2018-10-01
2018,11,1.6604332348682032,0.1,2018-11-01
2018,12,1.2292104913942812,0.1,2018-12-01
2019,1,1.9011786936017403,0.1,2019-01-01
2019,2,2.2762112733245488,0.1,2019-02-01
2019,3,1.4183212697597878,0.1,2019-03-01
2019,4,1.7856445587712895,0.1,2019-04-01
2019,5,0.5259579773390637,0.1,2019-05-01
2019,6,1.87036013650035,0.1,2019-06-01
2019,7,1.8961096267959068,0.1,2019-07-01
2019,8,1.7938652529885917,0.1,2019-08-01
2019,9,1.674031684943377,0.1,2019-09-01
2019,10,1.2010974956952523,0.1,2019-10-01
2019,11,1.2487511050154132,0.1,2019-11-01
2019,12,1.693200402710918,0.1,2019-12-01
2020,1,1.72173132328368,0.1,2020-01-01
2020,2,1.6108543070299093,0.1,2020-02-01
2020,3,1.7131719870282716,0.1,2020-03-01
2020,4,1.4583404234865391,0.1,2020-04-01
2020,5,2.657047107866358,0.1,2020-05-01
2020,6,1.5602997797724785,0.1,2020-06-01
2020,7,2.115577296869801,0.1,2020-07-01
2020,8,1.7643464076961795,0.1,2020-08-01
2020,9,1.017356607508997,0.1,2020-09-01
2020,10,1.5656799763394562,0.1,2020-10-01
2020,11,1.23299007812309,0.1,2020-11-01
2020,12,1.093558782191648,0.1,2020-12-01
